대여반납번호,회원ID ,도서코드,대여일,반납예정일,반납연기여부,반납일,연체여부
1,jojo123@naver.com,0401.001-1,2019.08.15,2019.8.30,0,2019.08.30,0
2,jojo123@naver.com,0401.002-1,2019.08.15,2019.8.30,0,2019.08.30,0
3,jojo123@naver.com,0401.003-1,2019.08.15,2019.8.30,0,2019.08.30,0
4,jojo123@naver.com,0401.004-1,2019.08.15,2019.8.30,0,2019.08.30,0
5,jojo123@naver.com,0401.005-1,2019.08.15,2019.8.30,0,2019.08.30,0
6,jojo123@naver.com,0401.006-1,2019.08.30,2019.09.13,0,2019.09.13,0
7,jojo123@naver.com,0401.007-1,2019.08.30,2019.09.13,0,2019.09.13,0
8,jojo123@naver.com,0401.008-1,2019.08.30,2019.09.13,0,2019.09.13,0
9,jojo123@naver.com,0401.009-1,2019.08.30,2019.09.13,0,2019.09.13,0
10,jojo123@naver.com,0401.010-1,2019.08.30,2019.09.13,0,2019.09.13,0
11,jojo123@naver.com,0401.011-1,2019.09.15,2019.09.29,0,2019.09.29,0
12,jojo123@naver.com,0401.012-1,2019.09.15,2019.09.29,0,2019.09.29,0
13,jojo123@naver.com,0401.013-1,2019.09.15,2019.09.29,0,2019.09.29,0
14,jojo123@naver.com,0401.014-1,2019.09.15,2019.09.29,0,2019.09.29,0
15,jojo123@naver.com,0401.015-1,2019.09.15,2019.09.29,0,2019.09.29,0
16,jojo123@naver.com,0401.016-1,2019.09.29,2019.10.13,0,2019.10.13,0
17,jojo123@naver.com,0401.017-1,2019.09.29,2019.10.13,0,2019.10.13,0
18,jojo123@naver.com,0401.018-1,2019.09.29,2019.10.13,0,2019.10.13,0
19,jojo123@naver.com,0401.019-1,2019.09.29,2019.10.13,0,2019.10.13,0
20,jojo123@naver.com,0401.020-1,2019.09.29,2019.10.13,0,2019.10.13,0
21,jojo123@naver.com,0102.001-1,2019.10.13,2019.10.28,0,2019.10.28,0
22,jojo123@naver.com,0102.002-1,2019.10.13,2019.10.28,0,2019.10.28,0
23,jojo123@naver.com,0102.003-1,2019.10.13,2019.10.28,0,2019.10.28,0
24,jojo123@naver.com,0102.004-1,2019.10.13,2019.10.28,0,2019.10.28,0
25,jojo123@naver.com,0102.005-1,2019.10.13,2019.10.28,0,2019.10.28,0
26,jojo123@naver.com,0102.006-1,2019.10.28,2019.11.12,0,2019.11.12,0
27,jojo123@naver.com,0102.007-1,2019.10.28,2019.11.12,0,2019.11.12,0
28,jojo123@naver.com,0201.001-1,2019.10.28,2019.11.12,0,2019.11.12,0
29,jojo123@naver.com,0201.002-1,2019.10.28,2019.11.12,0,2019.11.12,0
30,jojo123@naver.com,0201.003-1,2019.10.28,2019.11.12,0,2019.11.12,0
31,jojo123@naver.com,0201.004-1,2019.11.12,2019.11.27,0,2019.11.27,0
32,jojo123@naver.com,0201.005-1,2019.11.12,2019.11.27,0,2019.11.27,0
33,jojo123@naver.com,0201.006-1,2019.11.12,2019.11.27,0,2019.11.27,0
34,jojo123@naver.com,0201.007-1,2019.11.12,2019.11.27,0,2019.11.27,0
35,jojo123@naver.com,0202.001-1,2019.11.12,2019.11.27,0,2019.11.27,0
36,jojo123@naver.com,0202.002-1,2019.11.27,2019.12.12,0,2019.12.12,0
37,jojo123@naver.com,0202.003-1,2019.11.27,2019.12.12,0,2019.12.12,0
38,jojo123@naver.com,0202.004-1,2019.11.27,2019.12.12,0,2019.12.12,0
39,jojo123@naver.com,0202.005-1,2019.11.27,2019.12.12,0,2019.12.12,0
40,jojo123@naver.com,0202.006-1,2019.11.27,2019.12.12,0,2019.12.12,0
41,jojo123@naver.com,0202.007-1,2019.12.12,2019.12.27,0,2019.12.27,0
42,jojo123@naver.com,1001.006-1,2019.12.12,2019.12.27,0,2019.12.27,0
43,jojo123@naver.com,1001.007-1,2019.12.12,2019.12.27,0,2019.12.27,0
44,jojo123@naver.com,1001.008-1,2019.12.12,2019.12.27,0,2019.12.27,0
45,jojo123@naver.com,1001.009-1,2019.12.12,2019.12.27,0,2019.12.27,0
46,jojo123@naver.com,1001.010-1,2019.12.27,2020.01.11,0,2020.01.11,0
47,jojo123@naver.com,1002.001-1,2019.12.27,2020.01.11,0,2020.01.11,0
48,jojo123@naver.com,1002.002-1,2019.12.27,2020.01.11,0,2020.01.11,0
49,jojo123@naver.com,1002.003-1,2019.12.27,2020.01.11,0,2020.01.11,0
50,jojo123@naver.com,1002.004-1,2019.12.27,2020.01.11,0,2020.01.11,0
51,jojo123@naver.com,1002.005-1,2020.01.11,2020.01.25,0,2020.01.25,0
52,rekl3@gamil.com,1002.011-1,2019.08.15,2019.8.30,0,2019.08.30,0
53,rekl3@gamil.com,1002.012-1,2019.08.15,2019.8.30,0,2019.08.30,0
54,rekl3@gamil.com,1002.013-1,2019.08.15,2019.8.30,0,2019.08.30,0
55,rekl3@gamil.com,1002.014-1,2019.08.15,2019.8.30,0,2019.08.30,0
56,rekl3@gamil.com,1002.015-1,2019.08.15,2019.8.30,0,2019.08.30,0
57,rekl3@gamil.com,1002.005-1,2019.08.30,2019.09.13,0,2019.09.13,0
58,rekl3@gamil.com,1002.004-1,2019.08.30,2019.09.13,0,2019.09.13,0
59,rekl3@gamil.com,1002.003-1,2019.08.30,2019.09.13,0,2019.09.13,0
60,rekl3@gamil.com,1002.002-1,2019.08.30,2019.09.13,0,2019.09.13,0
61,rekl3@gamil.com,1002.001-1,2019.08.30,2019.09.13,0,2019.09.13,0
62,rekl3@gamil.com,1001.010-1,2019.09.15,2019.09.29,0,2019.09.29,0
63,rekl3@gamil.com,1001.009-1,2019.09.15,2019.09.29,0,2019.09.29,0
64,rekl3@gamil.com,1001.008-1,2019.09.15,2019.09.29,0,2019.09.29,0
65,rekl3@gamil.com,1001.007-1,2019.09.15,2019.09.29,0,2019.09.29,0
66,rekl3@gamil.com,1001.006-1,2019.09.15,2019.09.29,0,2019.09.29,0
67,rekl3@gamil.com,0202.007-1,2019.09.29,2019.10.13,0,2019.10.13,0
68,rekl3@gamil.com,0202.006-1,2019.09.29,2019.10.13,0,2019.10.13,0
69,rekl3@gamil.com,0202.005-1,2019.09.29,2019.10.13,0,2019.10.13,0
70,rekl3@gamil.com,0202.004-1,2019.09.29,2019.10.13,0,2019.10.13,0
71,rekl3@gamil.com,0202.003-1,2019.09.29,2019.10.13,0,2019.10.13,0
72,rekl3@gamil.com,0202.002-1,2019.10.13,2019.10.28,0,2019.10.28,0
73,rekl3@gamil.com,0202.001-1,2019.10.13,2019.10.28,0,2019.10.28,0
74,rekl3@gamil.com,0201.007-1,2019.10.13,2019.10.28,0,2019.10.28,0
75,rekl3@gamil.com,0201.006-1,2019.10.13,2019.10.28,0,2019.10.28,0
76,rekl3@gamil.com,0201.005-1,2019.10.13,2019.10.28,0,2019.10.28,0
77,rekl3@gamil.com,1001.001-1,2019.10.28,2019.11.12,0,2019.11.12,0
78,rekl3@gamil.com,1001.002-1,2019.10.28,2019.11.12,0,2019.11.12,0
79,rekl3@gamil.com,1001.003-1,2019.10.28,2019.11.12,0,2019.11.12,0
80,rekl3@gamil.com,1001.004-1,2019.10.28,2019.11.12,0,2019.11.12,0
81,rekl3@gamil.com,1001.005-1,2019.10.28,2019.11.12,0,2019.11.12,0
82,rekl3@gamil.com,0102.006-1,2019.11.12,2019.11.27,0,2019.11.27,0
83,rekl3@gamil.com,0102.005-1,2019.11.12,2019.11.27,0,2019.11.27,0
84,rekl3@gamil.com,0102.004-1,2019.11.12,2019.11.27,0,2019.11.27,0
85,rekl3@gamil.com,0102.003-1,2019.11.12,2019.11.27,0,2019.11.27,0
86,rekl3@gamil.com,0102.002-1,2019.11.12,2019.11.27,0,2019.11.27,0
87,rekl3@gamil.com,0102.001-1,2019.11.27,2019.12.12,0,2019.12.12,0
88,rekl3@gamil.com,0401.020-1,2019.11.27,2019.12.12,0,2019.12.12,0
89,rekl3@gamil.com,0401.019-1,2019.11.27,2019.12.12,0,2019.12.12,0
90,rekl3@gamil.com,0401.018-1,2019.11.27,2019.12.12,0,2019.12.12,0
91,rekl3@gamil.com,0401.017-1,2019.11.27,2019.12.12,0,2019.12.12,0
92,rekl3@gamil.com,0401.016-1,2019.12.12,2019.12.27,0,2019.12.27,0
93,rekl3@gamil.com,0401.015-1,2019.12.12,2019.12.27,0,2019.12.27,0
94,rekl3@gamil.com,0401.014-1,2019.12.12,2019.12.27,0,2019.12.27,0
95,rekl3@gamil.com,0401.013-1,2019.12.12,2019.12.27,0,2019.12.27,0
96,rekl3@gamil.com,0401.012-1,2019.12.12,2019.12.27,0,2019.12.27,0
97,rekl3@gamil.com,0401.011-1,2019.12.27,2020.01.11,0,2020.01.11,0
98,rekl3@gamil.com,0401.010-1,2019.12.27,2020.01.11,0,2020.01.11,0
99,rekl3@gamil.com,0401.009-1,2019.12.27,2020.01.11,0,2020.01.11,0
100,rekl3@gamil.com,0401.008-1,2019.12.27,2020.01.11,0,2020.01.11,0
101,rekl3@gamil.com,0401.007-1,2019.12.27,2020.01.11,0,2020.01.11,0
102,rekl3@gamil.com,0401.006-1,2020.01.11,2020.01.25,0,2020.01.25,0
103,rekl3@gamil.com,0401.005-1,2020.01.27,2020.02.11,0,2020.02.11,0
104,rekl3@gamil.com,0401.004-1,2020.01.27,2020.02.11,0,2020.02.11,0
105,rekl3@gamil.com,0401.003-1,2020.01.27,2020.02.11,0,2020.02.11,0
106,rekl3@gamil.com,0401.002-1,2020.01.27,2020.02.11,0,2020.02.11,0
107,rekl3@gamil.com,0401.001-1,2020.01.27,2020.02.11,0,2020.02.11,0
108,ferw2@naver.com,0901.025-1,2020.01.27,2020.02.11,0,2020.02.11,0
109,ferw2@naver.com,0901.026-1,2020.01.27,2020.02.11,0,2020.02.11,0
110,ferw2@naver.com,0901.027-1,2020.01.27,2020.02.11,0,2020.02.11,0
111,ferw2@naver.com,0901.028-1,2020.01.27,2020.02.11,0,2020.02.11,0
112,ferw2@naver.com,0901.029-1,2020.01.27,2020.02.11,0,2020.02.11,0
113,ferw2@naver.com,0901.030-1,2020.02.14,2020.02.29,0,2020.02.29,0
114,ferw2@naver.com,0901.031-1,2020.02.14,2020.02.29,0,2020.02.29,0
115,ferw2@naver.com,0901.032-1,2020.02.14,2020.02.29,0,2020.02.29,0
116,ferw2@naver.com,0901.033-1,2020.02.14,2020.02.29,0,2020.02.29,0
117,ferw2@naver.com,0901.034-1,2020.02.14,2020.02.29,0,2020.02.29,0
118,rwe232@gamil.com,0501.001-1,2020.01.27,2020.02.11,0,2020.02.11,0
119,rwe232@gamil.com,0501.002-1,2020.01.27,2020.02.11,0,2020.02.11,0
120,rwe232@gamil.com,0501.003-1,2020.01.27,2020.02.11,0,2020.02.11,0
121,rwe232@gamil.com,0501.004-1,2020.01.27,2020.02.11,0,2020.02.11,0
122,rwe232@gamil.com,0501.005-1,2020.01.27,2020.02.11,0,2020.02.11,0
123,rwe232@gamil.com,0901.043-1,2020.02.14,2020.02.29,0,2020.02.29,0
124,rwe232@gamil.com,0901.044-1,2020.02.14,2020.02.29,0,2020.02.29,0
125,rwe232@gamil.com,0901.045-1,2020.02.14,2020.02.29,0,2020.02.29,0
126,rwe232@gamil.com,0901.046-1,2020.02.14,2020.02.29,0,2020.02.29,0
127,rwe232@gamil.com,0901.047-1,2020.02.14,2020.02.29,0,2020.02.29,0
128,ya2354fr@yahoo.com,0501.006-1,2020.01.27,2020.02.11,0,2020.02.11,0
129,ya2354fr@yahoo.com,0501.007-1,2020.01.27,2020.02.11,0,2020.02.11,0
130,ya2354fr@yahoo.com,0501.008-1,2020.01.27,2020.02.11,0,2020.02.11,0
131,sdksdl@daum.net,0901.001-1,2020.01.11,2020.01.25,0,2020.01.25,0
132,sdksdl@daum.net,0901.002-1,2020.01.11,2020.01.25,0,2020.01.25,0
133,sdksdl@daum.net,0901.003-1,2020.01.11,2020.01.25,0,2020.01.25,0
134,sdksdl@daum.net,0901.004-1,2020.01.11,2020.01.25,0,2020.01.25,0
135,sdksdl@daum.net,0901.005-1,2020.01.11,2020.01.25,0,2020.01.25,0
136,sdksdl@daum.net,0901.006-1,2020.01.27,2020.02.11,0,2020.02.11,0
137,sdksdl@daum.net,0901.007-1,2020.01.27,2020.02.11,0,2020.02.11,0
138,sdksdl@daum.net,0901.008-1,2020.01.27,2020.02.11,0,2020.02.11,0
139,sdksdl@daum.net,0901.009-1,2020.01.27,2020.02.11,0,2020.02.11,0
140,sdksdl@daum.net,0901.010-1,2020.01.27,2020.02.11,0,2020.02.11,0
141,fivestar@nate.com,0901.011-1,2020.01.11,2020.01.25,0,2020.01.25,0
142,fivestar@nate.com,0901.012-1,2020.01.11,2020.01.25,0,2020.01.25,0
143,fivestar@nate.com,0901.013-1,2020.01.11,2020.01.25,0,2020.01.25,0
144,fivestar@nate.com,0901.014-1,2020.01.11,2020.01.25,0,2020.01.25,0
145,fivestar@nate.com,0901.015-1,2020.01.11,2020.01.25,0,2020.01.25,0
146,fivestar@nate.com,0901.016-1,2020.01.27,2020.02.11,0,2020.02.11,0
147,fivestar@nate.com,0901.017-1,2020.01.27,2020.02.11,0,2020.02.11,0
148,fivestar@nate.com,0901.018-1,2020.01.27,2020.02.11,0,2020.02.11,0
149,fivestar@nate.com,0901.019-1,2020.01.27,2020.02.11,0,2020.02.11,0
150,fivestar@nate.com,0901.020-1,2020.01.27,2020.02.11,0,2020.02.11,0
151,ku0788@naver.com,0901.025-1,2020.01.11,2020.01.25,0,2020.01.25,0
152,ku0788@naver.com,0901.026-1,2020.01.11,2020.01.25,0,2020.01.25,0
153,ku0788@naver.com,0901.027-1,2020.01.11,2020.01.25,0,2020.01.25,0
154,ku0788@naver.com,0901.028-1,2020.01.11,2020.01.25,0,2020.01.25,0
155,ku0788@naver.com,0901.029-1,2020.01.11,2020.01.25,0,2020.01.25,0
156,ku0788@naver.com,0901.038-1,2020.02.14,2020.02.29,0,2020.02.29,0
157,ku0788@naver.com,0901.039-1,2020.02.14,2020.02.29,0,2020.02.29,0
158,ku0788@naver.com,0901.040-1,2020.02.14,2020.02.29,0,2020.02.29,0
159,ku0788@naver.com,0901.041-1,2020.02.14,2020.02.29,0,2020.02.29,0
160,ddr23dd@naver.com,0902.001-1,2020.01.11,2020.01.25,0,2020.01.25,0
161,ddr23dd@naver.com,0902.002-1,2020.01.11,2020.01.25,0,2020.01.25,0
162,ddr23dd@naver.com,0902.003-1,2020.01.11,2020.01.25,0,2020.01.25,0
163,ddr23dd@naver.com,0902.004-1,2020.01.11,2020.01.25,0,2020.01.25,0
164,ddr23dd@naver.com,0902.005-1,2020.01.11,2020.01.25,0,2020.01.25,0
165,ddr23dd@naver.com,0902.006-1,2020.02.14,2020.02.29,0,2020.02.29,0
166,ddr23dd@naver.com,0902.007-1,2020.02.14,2020.02.29,0,2020.02.29,0
167,ddr23dd@naver.com,0902.008-1,2020.02.14,2020.02.29,0,2020.02.29,0
168,ddr23dd@naver.com,0902.009-1,2020.02.14,2020.02.29,0,2020.02.29,0
169,samson28345@gmail.com,0401.006-1,2020.01.27,2020.02.11,0,2020.02.11,0
170,samson28345@gmail.com,0401.007-1,2020.01.27,2020.02.11,0,2020.02.11,0
171,samson28345@gmail.com,0401.008-1,2020.01.27,2020.02.11,0,2020.02.11,0
172,samson28345@gmail.com,0401.009-1,2020.01.27,2020.02.11,0,2020.02.11,0
173,samson28345@gmail.com,0401.010-1,2020.01.27,2020.02.11,0,2020.02.11,0
174,samson28345@gmail.com,0401.011-1,2020.02.14,2020.02.29,0,2020.02.29,0
175,samson28345@gmail.com,0401.012-1,2020.02.14,2020.02.29,0,2020.02.29,0
176,samson28345@gmail.com,0401.013-1,2020.02.14,2020.02.29,0,2020.02.29,0
177,samson28345@gmail.com,0401.014-1,2020.02.14,2020.02.29,0,2020.02.29,0
178,samson28345@gmail.com,0401.015-1,2020.02.14,2020.02.29,0,2020.02.29,0
179,fdfsdasd@naver.com,0401.016-1,2020.01.27,2020.02.11,0,2020.02.11,0
180,fdfsdasd@naver.com,0401.017-1,2020.01.27,2020.02.11,0,2020.02.11,0
181,fdfsdasd@naver.com,0401.018-1,2020.01.27,2020.02.11,0,2020.02.11,0
182,fdfsdasd@naver.com,0401.019-1,2020.01.27,2020.02.11,0,2020.02.11,0
183,fdfsdasd@naver.com,0401.020-1,2020.01.27,2020.02.11,0,2020.02.11,0
184,fdfsdasd@naver.com,0402.001-1,2020.02.14,2020.02.29,0,2020.02.29,0
185,fdfsdasd@naver.com,0402.002-1,2020.02.14,2020.02.29,0,2020.02.29,0
186,fdfsdasd@naver.com,0402.003-1,2020.02.14,2020.02.29,0,2020.02.29,0
187,fdfsdasd@naver.com,0402.004-1,2020.02.14,2020.02.29,0,2020.02.29,0
188,fdfsdasd@naver.com,0402.005-1,2020.02.14,2020.02.29,0,2020.02.29,0
189,ggg243r4@gmail.com,0402.006-1,2020.01.27,2020.02.11,0,2020.02.11,0
190,ggg243r4@gmail.com,0402.007-1,2020.01.27,2020.02.11,0,2020.02.11,0
191,ggg243r4@gmail.com,0402.008-1,2020.01.27,2020.02.11,0,2020.02.11,0
192,ggg243r4@gmail.com,0402.009-1,2020.01.27,2020.02.11,0,2020.02.11,0
193,ggg243r4@gmail.com,0502.001-1,2020.01.27,2020.02.11,0,2020.02.11,0
194,ggg243r4@gmail.com,0502.002-1,2020.02.14,2020.02.29,0,2020.02.29,0
195,ggg243r4@gmail.com,0402.012-1,2020.02.14,2020.02.29,0,2020.02.29,0
196,sexybot@naver.com,0802.001-1,2020.01.27,2020.02.11,0,2020.02.11,0
197,sexybot@naver.com,0802.002-1,2020.01.27,2020.02.11,0,2020.02.11,0
198,sexybot@naver.com,0802.003-1,2020.01.27,2020.02.11,0,2020.02.11,0
199,sexybot@naver.com,0802.004-1,2020.01.27,2020.02.11,0,2020.02.11,0
200,sexybot@naver.com,0802.005-1,2020.01.27,2020.02.11,0,2020.02.11,0
201,sexybot@naver.com,0502.003-1,2020.02.14,2020.02.29,0,2020.02.29,0
202,sexybot@naver.com,0502.004-1,2020.02.14,2020.02.29,0,2020.02.29,0
203,sexybot@naver.com,0502.005-1,2020.02.14,2020.02.29,0,2020.02.29,0
204,sexybot@naver.com,0502.006-1,2020.02.14,2020.02.29,0,2020.02.29,0
205,sexybot@naver.com,0502.007-1,2020.02.14,2020.02.29,0,2020.02.29,0
206,xodnjs1218@naver.com,0901.002-1,2019.09.02,2019.09.17,0,2019.09.20,1
207,xodnjs1218@naver.com,0901.003-1,2019.09.20,2019.10.05,0,2019.10.07,1
208,xodnjs1218@naver.com,0901.004-1,2019.10.25,2019.11.09,0,2019.11.11,1
209,xodnjs1218@naver.com,0901.007-1,2019.11.11,2019.11.26,0,2019.11.28,1
210,xodnjs1218@naver.com,1001.001-1,2020.01.27,2020.02.11,0,2020.02.11,0
211,xodnjs1218@naver.com,1001.002-1,2020.01.27,2020.02.11,0,2020.02.11,0
212,xodnjs1218@naver.com,1001.003-1,2020.01.27,2020.02.11,0,2020.02.11,0
213,xodnjs1218@naver.com,1001.004-1,2020.01.27,2020.02.11,0,2020.02.11,0
214,xodnjs1218@naver.com,1001.005-1,2020.01.27,2020.02.11,0,2020.02.11,0
215,xodnjs1218@naver.com,1001.006-1,2020.02.14,2020.02.29,0,2020.02.29,0
216,xodnjs1218@naver.com,1001.007-1,2020.02.14,2020.02.29,0,2020.02.29,0
217,xodnjs1218@naver.com,1001.008-1,2020.02.14,2020.02.29,0,2020.02.29,0
218,ssdfr@daum.net,1001.009-1,2020.01.27,2020.02.11,0,2020.02.11,0
219,ssdfr@daum.net,1001.010-1,2020.01.27,2020.02.11,0,2020.02.11,0
220,ssdfr@daum.net,1002.001-1,2020.01.27,2020.02.11,0,2020.02.11,0
221,ssdfr@daum.net,1002.002-1,2020.01.27,2020.02.11,0,2020.02.11,0
222,ssdfr@daum.net,1002.003-1,2020.01.27,2020.02.11,0,2020.02.11,0
223,ssdfr@daum.net,0902.010-1,2020.02.14,2020.02.29,0,2020.02.29,0
224,ssdfr@daum.net,0902.011-1,2020.02.14,2020.02.29,0,2020.02.29,0
225,ssdfr@daum.net,0902.012-1,2020.02.14,2020.02.29,0,2020.02.29,0
226,ssdfr@daum.net,0902.013-1,2020.02.14,2020.02.29,0,2020.02.29,0
227,ssdfr@daum.net,0902.014-1,2020.02.14,2020.02.29,0,2020.02.29,0
228,ssssrr3@yahoo.com,0602.007-1,2020.01.27,2020.02.11,0,2020.02.11,0
229,ssssrr3@yahoo.com,0602.008-1,2020.01.27,2020.02.11,0,2020.02.11,0
230,ssssrr3@yahoo.com,0602.009-1,2020.01.27,2020.02.11,0,2020.02.11,0
231,ssssrr3@yahoo.com,0602.010-1,2020.01.27,2020.02.11,0,2020.02.11,0
232,ssssrr3@yahoo.com,0602.011-1,2020.01.27,2020.02.11,0,2020.02.11,0
233,ssssrr3@yahoo.com,0902.015-1,2020.02.14,2020.02.29,0,2020.02.29,0
234,ssssrr3@yahoo.com,0902.016-1,2020.02.14,2020.02.29,0,2020.02.29,0
235,ssssrr3@yahoo.com,0902.017-1,2020.02.14,2020.02.29,0,2020.02.29,0
236,ssssrr3@yahoo.com,0902.018-1,2020.02.14,2020.02.29,0,2020.02.29,0
237,ssssrr3@yahoo.com,0902.019-1,2020.02.14,2020.02.29,0,2020.02.29,0
238,fddrewe@gmail.com,0801.001-1,2020.01.27,2020.02.11,0,2020.02.11,0
239,fddrewe@gmail.com,0801.002-1,2020.01.27,2020.02.11,0,2020.02.11,0
240,fddrewe@gmail.com,0801.003-1,2020.01.27,2020.02.11,0,2020.02.11,0
241,fddrewe@gmail.com,0801.004-1,2020.01.27,2020.02.11,0,2020.02.11,0
242,fddrewe@gmail.com,0801.005-1,2020.01.27,2020.02.11,0,2020.02.11,0
243,fddrewe@gmail.com,0902.020-1,2020.02.14,2020.02.29,0,2020.02.29,0
244,fddrewe@gmail.com,0902.021-1,2020.02.14,2020.02.29,0,2020.02.29,0
245,fddrewe@gmail.com,0902.022-1,2020.02.14,2020.02.29,0,2020.02.29,0
246,fddrewe@gmail.com,0902.023-1,2020.02.14,2020.02.29,0,2020.02.29,0
247,fddrewe@gmail.com,0902.024-1,2020.02.14,2020.02.29,0,2020.02.29,0
248,dsjlreew@gmail.com,0902.044-1,2020.02.14,2020.02.29,0,2020.02.29,0
249,dsjlreew@gmail.com,0902.045-1,2020.02.14,2020.02.29,0,2020.02.29,0
250,dsjlreew@gmail.com,0902.046-1,2020.02.14,2020.02.29,0,2020.02.29,0
251,dsjlreew@gmail.com,0902.047-1,2020.02.14,2020.02.29,0,2020.02.29,0
252,dsjlreew@gmail.com,0902.048-1,2020.02.14,2020.02.29,0,2020.02.29,0
253,fsdshfdjkfsd@naver.com,0902.025-1,2020.02.14,2020.02.29,0,2020.02.29,0
254,fsdshfdjkfsd@naver.com,0902.026-1,2020.02.14,2020.02.29,0,2020.02.29,0
255,fsdshfdjkfsd@naver.com,0902.027-1,2020.02.14,2020.02.29,0,2020.02.29,0
256,fsdshfdjkfsd@naver.com,0902.028-1,2020.02.14,2020.02.29,0,2020.02.29,0
257,fsdshfdjkfsd@naver.com,0902.029-1,2020.02.14,2020.02.29,0,2020.02.29,0
258,mamatellme@gmail.com,0902.030-1,2020.02.14,2020.02.29,0,2020.02.29,0
259,daddystop@gmail.com,0902.031-1,2020.02.14,2020.02.29,0,2020.02.29,0
260,daddystop@gmail.com,0902.032-1,2020.02.14,2020.02.29,0,2020.02.29,0
261,daddystop@gmail.com,0902.033-1,2020.02.14,2020.02.29,0,2020.02.29,0
262,daddystop@gmail.com,0902.034-1,2020.02.14,2020.02.29,0,2020.02.29,0
263,daddystop@gmail.com,0902.035-1,2020.02.14,2020.02.29,0,2020.02.29,0
264,phonehu@gmail.com,0902.036-1,2020.02.14,2020.02.29,0,2020.02.29,0
265,phonehu@gmail.com,0902.037-1,2020.02.14,2020.02.29,0,2020.02.29,0
266,phonehu@gmail.com,0902.038-1,2020.02.14,2020.02.29,0,2020.02.29,0
267,phonehu@gmail.com,0902.039-1,2020.02.14,2020.02.29,0,2020.02.29,0
268,phonehu@gmail.com,0902.040-1,2020.02.14,2020.02.29,0,2020.02.29,0
269,ddongtree@naver.com,0902.041-1,2020.02.14,2020.02.29,0,2020.02.29,0
270,sangjiman@gmail.com,0902.042-1,2020.02.14,2020.02.29,0,2020.02.29,0
271,fivetenda@yahoo.com,0902.043-1,2020.02.14,2020.02.29,0,2020.02.29,0
292,xodnjs1218@naver.com,0601.001-1,2020.03.02,2020.03.17,0,,0
293,xodnjs1218@naver.com,0601.002-1,2020.03.02,2020.03.17,0,,0
272,friendlyship12@gmail.com,0502.001-1,2020.03.24,2020.04.08,0,,0
273,sexyhotdog12@gmail.com,0502.005-1,2020.03.24,2020.04.08,0,,0
274,gotdog24@naver.com,0502.014-1,2020.03.24,2020.04.08,0,,0
275,jojo123@naver.com,0901.024-1,2020.03.15,2020.03.30,0,,0
276,jojo123@naver.com,0901.030-1,2020.03.15,2020.03.30,0,,0
277,ya2354fr@yahoo.com,0901.048-1,2020.03.20,2020.04.04,0,,0
278,ya2354fr@yahoo.com,0901.049-1,2020.03.20,2020.04.04,0,,0
279,ya2354fr@yahoo.com,0901.050-1,2020.03.20,2020.04.04,0,,0
280,ya2354fr@yahoo.com,0902.001-1,2020.03.20,2020.04.04,0,,0
281,ya2354fr@yahoo.com,0902.002-1,2020.03.20,2020.04.04,0,,0
282,ya2354fr@yahoo.com,0902.003-1,2020.03.20,2020.04.04,0,,0
283,ya2354fr@yahoo.com,0902.004-1,2020.03.20,2020.04.04,0,,0
284,ku0788@naver.com,0402.001-1,2020.03.18,2020.04.02,0,,0
285,ddr23dd@naver.com,0501.019-1,2020.03.18,2020.04.02,0,,0
286,ggg243r4@gmail.com,0701.002-1,2020.03.05,2020.03.30,1,,0
287,ggg243r4@gmail.com,0701.003-1,2020.03.05,2020.03.30,1,,0
288,ggg243r4@gmail.com,0701.006-1,2020.03.05,2020.03.30,1,,0
289,dsslsd@gmail.com,0902.006-1,2020.03.24,2020.04.08,0,,0
290,dsslsd@gmail.com,0902.007-1,2020.03.24,2020.04.08,0,,0
291,dsslsd@gmail.com,0902.008-1,2020.03.24,2020.04.08,0,,0
292,dsslsd@gmail.com,0902.009-1,2020.03.24,2020.04.08,0,,0
293,dsslsd@gmail.com,0902.010-1,2020.03.24,2020.04.08,0,,0
294,mamatellme@gmail.com,0901.032-1,2020.03.24,2020.04.08,0,,0
295,mamatellme@gmail.com,0901.033-1,2020.03.24,2020.04.08,0,,0
296,mamatellme@gmail.com,0901.034-1,2020.03.24,2020.04.08,0,,0
297,mamatellme@gmail.com,0901.035-1,2020.03.24,2020.04.08,0,,0
298,jojo123@naver.com,0901.025-1,2020.04.05,2020.04.20,0,,0
299,jojo123@naver.com,0901.026-1,2020.04.05,2020.04.20,0,,0
300,jojo123@naver.com,0901.027-1,2020.04.05,2020.04.20,0,,0
